insert into student values
('2220183546', N'方宗宦', '2018', '3', '1BD7Qf86'),
('2220185117', N'钟沈', '2018', '1', 'LfXjWmds'),
('2220199866', N'年温国', '2019', '3', 'yev57ddf'),
('2220156682', N'令百', '2015', '2', 'YKCq7hy6'),
('2220152758', N'慕管施', '2015', '3', 'k1fgT3hR'),
('2220158764', N'伏雷曾', '2015', '2', 'ujhVGX7N'),
('2220178175', N'闻冶', '2017', '1', 'gR2Tsq8I'),
('2220189769', N'危滑慕', '2018', '2', 'rb1eD2yu'),
('2220184521', N'蔺家戈', '2018', '3', 'kVLEmpFk'),
('2220161382', N'赵曲晏', '2016', '1', 'ekSXcElT'),
('2220185846', N'井班', '2018', '4', 'xBifMtAl'),
('2220183717', N'宦言宦', '2018', '4', 'x1EbAMK2'),
('2220184514', N'孙齐邹', '2018', '2', 'RwkC89dT'),
('2220166870', N'宿连', '2016', '3', '6NXCTQ3u'),
('2220176554', N'佘李国', '2017', '1', 'A82cMalr'),
('2220187629', N'秦单', '2018', '2', 'TGk7KhsT'),
('2220186114', N'寿阳', '2018', '4', 'neSMEKab'),
('2220192073', N'杭昝牛', '2019', '2', 'IHcv6E6B'),
('2220179540', N'沙充呼', '2017', '4', 'NJRgssHk'),
('2220184069', N'沙都', '2018', '3', 'va5G1YVQ'),
('2220197404', N'逯薛郏', '2019', '3', 'ltXM5B8I'),
('2220191667', N'艾胥', '2019', '3', '94ixCgYj'),
('2220189261', N'宿政', '2018', '4', '9CBLUHnp'),
('2220154730', N'拓屠乔', '2015', '1', 'lxAYkSym'),
('2220154721', N'舒云缑', '2015', '3', 'emn9tSj3'),
('2220181093', N'巫海充', '2018', '4', 'tlafK7a4'),
('2220166711', N'公姬巴', '2016', '2', 'XmkMnQMI'),
('2220176253', N'皇南', '2017', '4', 'XLFSDfaH'),
('2220195247', N'生水', '2019', '3', 'gYV5QC69'),
('2220184085', N'富闻经', '2018', '4', 'tHuNuDvN'),
('2220180572', N'常言', '2018', '1', 'VbEDgXvk'),
('2220175428', N'逄唐', '2017', '4', '8L2tbWk4'),
('2220185961', N'有阮师', '2018', '4', '8grrpUqj'),
('2220173654', N'荆从', '2017', '4', 'QfJaVEN4'),
('2220157502', N'况丘晏', '2015', '2', 'I6cQ1SpR'),
('2220167248', N'马强房', '2016', '1', 'JHB2MmcT'),
('2220191242', N'欧闻', '2019', '4', 'au3SIjIw'),
('2220197301', N'年曹', '2019', '2', 'RvIjYU35'),
('2220178334', N'计邱', '2017', '3', 'MTSW8Lr3'),
('2220195459', N'戎空朱', '2019', '2', 'rVhHSgQF'),
('2220189904', N'于庄', '2018', '2', '53bSEUik'),
('2220196477', N'葛良', '2019', '3', '7KjeleDW'),
('2220193522', N'汤佟', '2019', '4', 'VK6ADueh'),
('2220167756', N'胡秦盖', '2016', '2', 'TE3e9CGc'),
('2220173175', N'严糜汲', '2017', '3', 'xpy3sGmH'),
('2220150773', N'司衡', '2015', '4', 'MphQAN3l'),
('2220172747', N'弓解', '2017', '2', 'SN6NMqVq'),
('2220196654', N'拓甘', '2019', '1', '1G4sjgUN'),
('2220193823', N'狄应', '2019', '3', 'WFGEFewB'),
('2220157296', N'明涂', '2015', '1', 'DrQ3BRje'),
('2220181829', N'芮濮', '2018', '2', 'Jij9b5iN'),
('2220183994', N'葛丁宫', '2018', '1', 'dIkPSnnG'),
('2220170633', N'鄢易', '2017', '3', 'DXn8nLJV'),
('2220167994', N'蔡国羊', '2016', '4', 'VeUSp9bd'),
('2220171830', N'慕伯空', '2017', '3', '22EUnT86'),
('2220199879', N'胡钱', '2019', '1', 'xBAGhi2w'),
('2220183698', N'彭陈翁', '2018', '2', 'unukf1VK'),
('2220166081', N'爱勾陶', '2016', '3', 'RtJYTAL7'),
('2220190362', N'阚岑', '2019', '4', 'LvgNeQLa'),
('2220175847', N'宇仰颛', '2017', '2', 'bIeF8pGV');

insert into teacher values
('2120193345', N'司常闵', 'C005', 'PW2F9L3t'),
('2120182416', N'父解', 'C007', 'baJcAFe8'),
('2120178495', N'梅范符', 'C053', 'bLHTmKPU'),
('2120155569', N'温申', 'C070', 'uM9812Dh'),
('2120178008', N'暨屈荆', 'C011', '9hjxt1CF'),
('2120183911', N'贾阳勾', 'C027', 'EVcG5gRh'),
('2120175517', N'戈广殳', 'C016', 'dxBny6bl'),
('2120177931', N'封邱父', 'C060', '2NdsLVKc'),
('2120189698', N'通安', 'C020', 'fv2pNeLe'),
('2120173787', N'纪梁', 'C079', 'jDikEUWI'),
('2120166111', N'庾郭皇', 'C065', 'wBHqIHwH'),
('2120190052', N'莫汤', 'C081', 'UFKH64PD'),
('2120157101', N'钮养', 'C034', 'xnEUDjIE'),
('2120193417', N'莘有', 'C006', 'hrY6lJLT'),
('2120186314', N'霍荣', 'C004', 'md9Fb3jD'),
('2120187479', N'庄訾', 'C008', 'Fr5YrfXM'),
('2120185066', N'牧昝祁', 'C018', '8VFSchei'),
('2120170322', N'公詹门', 'C082', 'Sihfg3iS'),
('2120155361', N'微尚', 'C088', '8YcVxYHX'),
('2120197416', N'伯阳', 'C071', 'W8Whf2pb');

insert into course values
('C005', N'微生物学', '2120193345'),
('C007', N'物理化学实验B', '2120182416'),
('C053', N'儒家经典与智慧', '2120178495'),
('C070', N'大学生就业指导', '2120155569'),
('C011', N'高等数学', '2120178008'),
('C027', N'大学英语1A', '2120183911'),
('C016', N'现代市场营销', '2120175517'),
('C060', N'微生物学实验', '2120177931'),
('C020', N'大学英语1B', '2120189698'),
('C079', N'无机化学B', '2120173787'),
('C065', N'食品分析与实验', '2120166111'),
('C081', N'食品化学', '2120190052'),
('C034', N'无机化学实验B', '2120157101'),
('C006', N'概率论与数理统计', '2120193417'),
('C004', N'电工学B', '2120186314'),
('C008', N'中国近现代史纲要', '2120187479'),
('C018', N'科技文献检索', '2120185066'),
('C082', N'计算机基础', '2120170322'),
('C088', N'线性代数A', '2120155361'),
('C071', N'物理化学B', '2120197416');

insert into profession values
('P1', N'计算机与科学专业', '2220183546'),
('P4', N'英语专业', '2220185117'),
('P2', N'智能科学专业', '2220199866'),
('P3', N'法学专业', '2220156682'),
('P5', N'软件工程专业', '2220152758'),
('P1', N'计算机与科学专业', '2220158764'),
('P4', N'英语专业', '2220178175'),
('P2', N'智能科学专业', '2220189769'),
('P3', N'法学专业', '2220184521'),
('P5', N'软件工程专业', '2220161382'),
('P1', N'计算机与科学专业', '2220185846'),
('P4', N'英语专业', '2220183717'),
('P2', N'智能科学专业', '2220184514'),
('P3', N'法学专业', '2220166870'),
('P5', N'软件工程专业', '2220176554'),
('P1', N'计算机与科学专业', '2220187629'),
('P4', N'英语专业', '2220186114'),
('P2', N'智能科学专业', '2220192073'),
('P3', N'法学专业', '2220179540'),
('P5', N'软件工程专业', '2220184069'),
('P1', N'计算机与科学专业', '2220197404'),
('P4', N'英语专业', '2220191667'),
('P2', N'智能科学专业', '2220189261'),
('P3', N'法学专业', '2220154730'),
('P5', N'软件工程专业', '2220154721'),
('P1', N'计算机与科学专业', '2220181093'),
('P4', N'英语专业', '2220166711'),
('P2', N'智能科学专业', '2220176253'),
('P3', N'法学专业', '2220195247'),
('P5', N'软件工程专业', '2220184085'),
('P1', N'计算机与科学专业', '2220180572'),
('P4', N'英语专业', '2220175428'),
('P2', N'智能科学专业', '2220185961'),
('P3', N'法学专业', '2220173654'),
('P5', N'软件工程专业', '2220157502'),
('P1', N'计算机与科学专业', '2220167248'),
('P4', N'英语专业', '2220191242'),
('P2', N'智能科学专业', '2220197301'),
('P3', N'法学专业', '2220178334'),
('P5', N'软件工程专业', '2220195459'),
('P1', N'计算机与科学专业', '2220189904'),
('P4', N'英语专业', '2220196477'),
('P2', N'智能科学专业', '2220193522'),
('P3', N'法学专业', '2220167756'),
('P5', N'软件工程专业', '2220173175'),
('P1', N'计算机与科学专业', '2220150773'),
('P4', N'英语专业', '2220172747'),
('P2', N'智能科学专业', '2220196654'),
('P3', N'法学专业', '2220193823'),
('P5', N'软件工程专业', '2220157296'),
('P1', N'计算机与科学专业', '2220181829'),
('P4', N'英语专业', '2220183994'),
('P2', N'智能科学专业', '2220170633'),
('P3', N'法学专业', '2220167994'),
('P5', N'软件工程专业', '2220171830'),
('P1', N'计算机与科学专业', '2220199879'),
('P4', N'英语专业', '2220183698'),
('P2', N'智能科学专业', '2220166081'),
('P3', N'法学专业', '2220190362'),
('P5', N'软件工程专业', '2220175847');

